,level_0,index,AISC_Manual_Label.1,AISC_Manual_Label,A.1,d.1,W.1,rx.1,ry.1,Sx.1,Sy.1,bf.1,tf.1,tw.1,Ix.1,Iy.1
0,0,0,W1100X499,W44X335,63500,1120,499.0,452.0,88.6,23100000.0,2460000.0,404,45,26.2,12900000000.0,499000000.0
1,1,1,W1100X433,W44X290,55100,1110,433.0,452.0,88.6,20300000.0,2160000.0,401,40.1,22,11200000000.0,433000000.0
2,2,2,W1100X390,W44X262,49800,1100,390.0,450.0,88.1,18200000.0,1920000.0,401,36.1,19.9,10000000000.0,384000000.0
3,3,3,W1100X343,W44X230,43700,1090,343.0,445.0,87.1,15900000.0,1660000.0,401,31,18,8660000000.0,331000000.0
4,4,4,W1000X976,W40X655,125000,1110,975.0,434.0,98.0,42500000.0,5570000.0,429,89.9,50,23500000000.0,1190000000.0
5,5,5,W1000X883,W40X593,112000,1090,883.0,432.0,96.5,38300000.0,4950000.0,424,82,45.5,21000000000.0,1050000000.0
6,6,6,W1000X748,W40X503,95500,1070,748.0,427.0,94.5,32400000.0,4080000.0,417,70.1,39.1,17300000000.0,849000000.0
7,7,7,W1000X642,W40X431,81900,1050,642.0,422.0,92.7,27700000.0,3410000.0,411,59.9,34,14500000000.0,703000000.0
8,8,8,W1000X591,W40X397,75500,1040,591.0,422.0,92.5,25600000.0,3130000.0,409,55.9,31,13300000000.0,641000000.0
9,9,9,W1000X554,W40X372,71000,1030,554.0,419.0,91.4,23900000.0,2900000.0,409,52.1,29.5,12300000000.0,591000000.0
10,10,10,W1000X539,W40X362,68400,1030,539.0,419.0,91.4,23300000.0,2830000.0,406,51.1,28.4,12000000000.0,574000000.0
11,11,11,W1000X483,W40X324,61500,1020,483.0,417.0,90.9,21000000.0,2510000.0,404,46,25.4,10700000000.0,508000000.0
12,12,12,W1000X443,W40X297,56300,1010,443.0,414.0,89.9,19200000.0,2260000.0,401,41.9,23.6,9660000000.0,454000000.0
13,13,13,W1000X412,W40X277,52600,1010,412.0,417.0,90.9,18000000.0,2160000.0,401,40.1,21.1,9120000000.0,433000000.0
14,14,14,W1000X371,W40X249,47400,1000,371.0,414.0,90.2,16300000.0,1930000.0,401,36.1,19.1,8160000000.0,385000000.0
15,15,15,W1000X321,W40X215,41000,991,321.0,411.0,89.9,14100000.0,1660000.0,401,31,16.5,6950000000.0,334000000.0
16,16,16,W1000X296,W40X199,37900,983,296.0,406.0,87.6,12600000.0,1450000.0,401,27.2,16.5,6200000000.0,289000000.0
17,17,17,W1000X584,W40X392,74800,1060,584.0,409.0,67.1,23600000.0,2130000.0,315,64,36.1,12400000000.0,334000000.0
18,18,18,W1000X494,W40X331,63000,1040,494.0,404.0,65.3,19800000.0,1740000.0,310,54.1,31,10300000000.0,268000000.0
19,19,19,W1000X486,W40X327,61900,1040,486.0,406.0,65.5,19700000.0,1720000.0,307,54.1,30,10200000000.0,266000000.0
20,20,20,W1000X438,W40X294,55600,1030,438.0,404.0,64.8,17700000.0,1530000.0,305,49,26.9,9120000000.0,234000000.0
21,21,21,W1000X415,W40X278,53100,1020,415.0,401.0,64.0,16700000.0,1430000.0,305,46,26.2,8530000000.0,217000000.0
22,22,22,W1000X393,W40X264,49900,1020,393.0,401.0,64.0,15900000.0,1350000.0,302,43.9,24.4,8070000000.0,205000000.0
23,23,23,W1000X350,W40X235,44600,1010,350.0,404.0,64.5,14300000.0,1220000.0,302,40.1,21.1,7240000000.0,185000000.0
24,24,24,W1000X314,W40X211,40100,1000,314.0,401.0,63.8,12900000.0,1080000.0,300,36.1,19.1,6450000000.0,162000000.0
25,25,25,W1000X272,W40X183,34400,991,272.0,399.0,63.2,11100000.0,918000.0,300,30.5,16.5,5490000000.0,138000000.0
26,26,26,W1000X249,W40X167,31800,980,249.0,389.0,61.0,9830000.0,785000.0,300,26.2,16.5,4830000000.0,118000000.0
27,27,27,W1000X222,W40X149,28300,970,222.0,381.0,58.2,8410000.0,636000.0,300,21.1,16,4080000000.0,95300000.0
28,28,28,W920X1377,W36X925,175000,1090,1380.0,417.0,108.0,55600000.0,8700000.0,472,115,76.7,30400000000.0,2060000000.0
29,29,29,W920X1269,W36X853,162000,1090,1270.0,424.0,109.0,53300000.0,8280000.0,462,115,64,29100000000.0,1910000000.0
30,30,30,W920X1194,W36X802,152000,1080,1190.0,422.0,107.0,49800000.0,7670000.0,457,109,60.5,27000000000.0,1750000000.0
31,31,31,W920X1077,W36X723,137000,1060,1080.0,417.0,106.0,44900000.0,6820000.0,452,99.1,55.1,23800000000.0,1540000000.0
32,32,32,W920X970,W36X652,124000,1040,970.0,411.0,104.0,40300000.0,6010000.0,447,89.9,50,21100000000.0,1340000000.0
33,33,33,W920X787,W36X529,101000,1010,787.0,406.0,102.0,32600000.0,4740000.0,437,73.9,40.9,16500000000.0,1040000000.0
34,34,34,W920X725,W36X487,92300,998,725.0,401.0,101.0,30000000.0,4310000.0,434,68.1,38.1,15000000000.0,937000000.0
35,35,35,W920X656,W36X441,83900,988,656.0,399.0,99.6,27000000.0,3850000.0,432,62,34.5,13400000000.0,828000000.0
36,36,36,W920X588,W36X395,74800,975,588.0,399.0,98.6,24400000.0,3410000.0,427,55.9,31,11900000000.0,728000000.0
37,37,37,W920X537,W36X361,68400,965,537.0,396.0,97.8,22100000.0,3080000.0,424,51.1,28.4,10700000000.0,653000000.0
38,38,38,W920X491,W36X330,62500,958,491.0,394.0,97.3,20300000.0,2800000.0,422,47,25.9,9700000000.0,591000000.0
39,39,39,W920X449,W36X302,57400,947,449.0,391.0,97.0,18500000.0,2560000.0,424,42.7,24,8780000000.0,541000000.0
40,40,40,W920X420,W36X282,53500,942,420.0,391.0,96.5,17200000.0,2360000.0,422,39.9,22.5,8160000000.0,499000000.0
41,41,41,W920X390,W36X262,49800,937,390.0,389.0,95.5,15900000.0,2160000.0,422,36.6,21.3,7450000000.0,454000000.0
42,42,42,W920X368,W36X247,46800,932,368.0,386.0,95.0,15000000.0,2020000.0,419,34.3,20.3,6950000000.0,420000000.0
43,43,43,W920X344,W36X231,44000,927,344.0,384.0,94.2,14000000.0,1870000.0,419,32,19.3,6490000000.0,391000000.0
44,44,44,W920X381,W36X256,48600,951,381.0,378.0,67.3,14700000.0,1420000.0,310,43.9,24.4,6990000000.0,220000000.0
45,45,45,W920X345,W36X232,43900,943,345.0,376.0,66.5,13300000.0,1270000.0,307,39.9,22.1,6240000000.0,195000000.0
46,46,46,W920X313,W36X210,39900,932,313.0,371.0,65.5,11800000.0,1110000.0,310,34.5,21.1,5490000000.0,171000000.0
47,47,47,W920X289,W36X194,36800,927,289.0,371.0,65.0,10900000.0,1010000.0,307,32,19.4,5040000000.0,156000000.0
48,48,48,W920X271,W36X182,34600,922,271.0,368.0,64.8,10200000.0,944000.0,307,30,18.4,4700000000.0,144000000.0
49,49,49,W920X253,W36X170,32300,919,253.0,368.0,64.3,9520000.0,872000.0,305,27.9,17.3,4370000000.0,133000000.0
50,50,50,W920X238,W36X160,30300,914,238.0,366.0,63.5,8880000.0,805000.0,305,25.9,16.5,4060000000.0,123000000.0
51,51,51,W920X223,W36X150,28600,912,223.0,363.0,62.7,8260000.0,739000.0,305,23.9,15.9,3760000000.0,112000000.0
52,52,52,W920X201,W36X135,25700,904,201.0,356.0,60.5,7190000.0,618000.0,305,20.1,15.2,3250000000.0,93700000.0
53,53,53,W840X576,W33X387,73500,914,576.0,371.0,95.8,22100000.0,3280000.0,411,57.9,32,10100000000.0,674000000.0
54,54,54,W840X527,W33X354,67100,904,527.0,368.0,95.0,20300000.0,2970000.0,409,53.1,29.5,9160000000.0,608000000.0
55,55,55,W840X473,W33X318,60500,894,473.0,368.0,94.2,18200000.0,2640000.0,406,48,26.4,8120000000.0,537000000.0
56,56,56,W840X433,W33X291,55200,884,433.0,366.0,93.5,16700000.0,2390000.0,404,43.9,24.4,7370000000.0,483000000.0
57,57,57,W840X392,W33X263,49900,876,392.0,363.0,93.0,15100000.0,2150000.0,401,39.9,22.1,6620000000.0,433000000.0
58,58,58,W840X359,W33X241,45900,869,359.0,358.0,91.9,13600000.0,1930000.0,404,35.6,21.1,5910000000.0,388000000.0
59,59,59,W840X329,W33X221,42100,861,329.0,358.0,91.2,12400000.0,1740000.0,401,32.5,19.7,5370000000.0,350000000.0
60,60,60,W840X299,W33X201,38100,856,299.0,356.0,90.4,11200000.0,1560000.0,399,29.2,18.2,4830000000.0,312000000.0
61,61,61,W840X251,W33X169,31900,859,251.0,348.0,63.5,9000000.0,883000.0,292,31,17,3870000000.0,129000000.0
62,62,62,W840X226,W33X152,29000,851,226.0,343.0,62.7,7980000.0,773000.0,295,26.9,16.1,3400000000.0,114000000.0
63,63,63,W840X210,W33X141,26800,846,210.0,340.0,61.7,7340000.0,700000.0,292,24.4,15.4,3100000000.0,102000000.0
64,64,64,W840X193,W33X130,24700,841,193.0,335.0,60.7,6650000.0,621000.0,292,21.7,14.7,2790000000.0,90700000.0
65,65,65,W840X176,W33X118,22400,836,176.0,330.0,58.9,5880000.0,534000.0,292,18.8,14,2460000000.0,77800000.0
66,66,66,W760X582,W30X391,74200,843,582.0,340.0,93.2,20500000.0,3240000.0,396,62,34.5,8620000000.0,645000000.0
67,67,67,W760X531,W30X357,67700,833,531.0,338.0,92.5,18700000.0,2930000.0,394,56.9,31.5,7780000000.0,579000000.0
68,68,68,W760X484,W30X326,61900,823,484.0,335.0,91.4,17000000.0,2650000.0,391,52.1,29,6990000000.0,516000000.0
69,69,69,W760X434,W30X292,55500,813,434.0,335.0,90.9,15200000.0,2360000.0,389,47,25.9,6200000000.0,458000000.0
70,70,70,W760X389,W30X261,49700,803,389.0,333.0,89.7,13600000.0,2080000.0,386,41.9,23.6,5450000000.0,399000000.0
71,71,71,W760X350,W30X235,44700,795,350.0,330.0,89.2,12300000.0,1870000.0,384,38.1,21.1,4870000000.0,356000000.0
72,72,72,W760X314,W30X211,40200,785,314.0,328.0,88.6,10900000.0,1640000.0,384,33.5,19.7,4290000000.0,315000000.0
73,73,73,W760X284,W30X191,36200,780,284.0,325.0,87.9,9830000.0,1470000.0,381,30.2,18,3830000000.0,280000000.0
74,74,74,W760X257,W30X173,32800,772,257.0,323.0,86.9,8870000.0,1310000.0,381,27.2,16.6,3430000000.0,249000000.0
75,75,75,W760X220,W30X148,28100,780,220.0,315.0,57.9,7140000.0,710000.0,267,30,16.5,2780000000.0,94500000.0
76,76,76,W760X196,W30X132,25000,770,196.0,310.0,57.2,6230000.0,610000.0,267,25.4,15.6,2400000000.0,81600000.0
77,77,77,W760X185,W30X124,23500,767,185.0,307.0,56.6,5820000.0,564000.0,267,23.6,14.9,2230000000.0,75300000.0
78,78,78,W760X173,W30X116,22100,762,173.0,305.0,55.6,5390000.0,513000.0,267,21.6,14.4,2050000000.0,68300000.0
79,79,79,W760X161,W30X108,20500,757,161.0,302.0,54.6,4900000.0,457000.0,267,19.3,13.8,1860000000.0,60800000.0
80,80,80,W760X147,W30X99,18700,754,147.0,297.0,53.3,4410000.0,401000.0,267,17,13.2,1660000000.0,53300000.0
81,81,81,W760X134,W30X90,17000,749,134.0,297.0,53.1,4010000.0,362000.0,264,15.5,11.9,1500000000.0,47900000.0
82,82,82,W690X802,W27X539,103000,826,802.0,323.0,92.7,25700000.0,4540000.0,389,89.9,50,10700000000.0,878000000.0
83,83,83,W690X548,W27X368,70300,772,548.0,310.0,88.4,17400000.0,2930000.0,373,63,35.1,6740000000.0,545000000.0
84,84,84,W690X500,W27X336,64000,762,500.0,307.0,87.6,15900000.0,2650000.0,371,57.9,32,6080000000.0,491000000.0
85,85,85,W690X457,W27X307,58200,752,457.0,305.0,86.6,14500000.0,2390000.0,366,53.1,29.5,5450000000.0,437000000.0
86,86,86,W690X419,W27X281,53600,744,419.0,305.0,86.1,13300000.0,2180000.0,366,49,26.9,4950000000.0,397000000.0
87,87,87,W690X384,W27X258,49100,737,384.0,302.0,85.3,12200000.0,1970000.0,363,45,24.9,4500000000.0,358000000.0
88,88,88,W690X350,W27X235,44800,729,350.0,300.0,84.6,11100000.0,1770000.0,361,40.9,23.1,4040000000.0,320000000.0
89,89,89,W690X323,W27X217,41200,721,323.0,300.0,84.3,10300000.0,1640000.0,358,38.1,21.1,3710000000.0,293000000.0
90,90,90,W690X289,W27X194,36800,714,289.0,297.0,83.6,9160000.0,1440000.0,356,34,19.1,3270000000.0,258000000.0
91,91,91,W690X265,W27X178,33900,706,265.0,295.0,82.6,8280000.0,1290000.0,358,30.2,18.4,2920000000.0,231000000.0
92,92,92,W690X240,W27X161,30700,701,240.0,292.0,82.0,7510000.0,1160000.0,356,27.4,16.8,2630000000.0,207000000.0
93,93,93,W690X217,W27X146,27900,696,217.0,292.0,81.3,6780000.0,1040000.0,356,24.8,15.4,2360000000.0,184000000.0
94,94,94,W690X192,W27X129,24400,701,192.0,284.0,56.1,5650000.0,603000.0,254,27.9,15.5,1980000000.0,76600000.0
95,95,95,W690X170,W27X114,21700,693,170.0,279.0,55.4,4900000.0,516000.0,257,23.6,14.5,1700000000.0,66200000.0
96,96,96,W690X152,W27X102,19400,688,152.0,279.0,54.6,4380000.0,456000.0,254,21.1,13.1,1510000000.0,57900000.0
97,97,97,W690X140,W27X94,17800,683,140.0,277.0,53.8,3980000.0,406000.0,254,18.9,12.4,1360000000.0,51600000.0
98,98,98,W690X125,W27X84,15900,678,125.0,272.0,52.6,3490000.0,347000.0,254,16.3,11.7,1190000000.0,44100000.0
99,99,99,W610X551,W24X370,70300,711,551.0,282.0,83.1,15700000.0,2790000.0,348,69.1,38.6,5580000000.0,483000000.0
100,100,100,W610X498,W24X335,63400,699,498.0,279.0,82.0,14200000.0,2490000.0,343,63,35.1,4950000000.0,429000000.0
101,101,101,W610X455,W24X306,57900,688,455.0,277.0,81.3,12900000.0,2250000.0,340,57.9,32,4450000000.0,383000000.0
102,102,102,W610X415,W24X279,52800,678,415.0,274.0,80.5,11800000.0,2030000.0,338,53.1,29.5,4000000000.0,343000000.0
103,103,103,W610X372,W24X250,47400,668,372.0,272.0,79.8,10600000.0,1800000.0,335,48,26.4,3530000000.0,301000000.0
104,104,104,W610X341,W24X229,43400,660,341.0,272.0,79.0,9640000.0,1630000.0,333,43.9,24.4,3180000000.0,271000000.0
105,105,105,W610X307,W24X207,39200,653,307.0,269.0,78.2,8700000.0,1460000.0,330,39.9,22.1,2840000000.0,241000000.0
106,106,106,W610X285,W24X192,36500,648,285.0,267.0,78.0,8050000.0,1340000.0,330,37.1,20.6,2610000000.0,221000000.0
107,107,107,W610X262,W24X176,33400,640,262.0,267.0,77.2,7370000.0,1220000.0,328,34,19.1,2360000000.0,199000000.0
108,108,108,W610X241,W24X162,30800,635,241.0,264.0,77.5,6780000.0,1120000.0,330,31,17.9,2150000000.0,184000000.0
109,109,109,W610X217,W24X146,27700,627,217.0,262.0,76.5,6080000.0,991000.0,328,27.7,16.5,1910000000.0,163000000.0
110,110,110,W610X195,W24X131,24900,622,195.0,259.0,75.4,5390000.0,869000.0,328,24.4,15.4,1670000000.0,142000000.0
111,111,111,W610X174,W24X117,22200,617,174.0,257.0,74.7,4770000.0,762000.0,325,21.6,14,1470000000.0,124000000.0
112,112,112,W610X155,W24X104,19800,612,155.0,257.0,73.9,4230000.0,667000.0,325,19.1,12.7,1290000000.0,108000000.0
113,113,113,W610X153,W24X103,19500,622,153.0,254.0,50.5,4010000.0,434000.0,229,24.9,14,1250000000.0,49500000.0
114,114,114,W610X140,W24X94,17900,617,140.0,251.0,50.3,3640000.0,393000.0,230,22.2,13.1,1120000000.0,45400000.0
115,115,115,W610X125,W24X84,15900,612,125.0,249.0,49.5,3210000.0,342000.0,229,19.6,11.9,986000000.0,39300000.0
116,116,116,W610X113,W24X76,14500,607,113.0,246.0,48.8,2880000.0,302000.0,228,17.3,11.2,874000000.0,34300000.0
117,117,117,W610X101,W24X68,13000,602,101.0,243.0,47.5,2520000.0,257000.0,228,14.9,10.5,762000000.0,29300000.0
118,118,118,W610X92,W24X62,11700,602,92.0,234.0,35.1,2150000.0,161000.0,179,15,10.9,645000000.0,14400000.0
119,119,119,W610X82,W24X55,10500,599,82.0,231.0,34.0,1870000.0,136000.0,178,12.8,10,562000000.0,12100000.0
120,120,120,W530X409,W21X275,52800,612,409.0,246.0,78.7,10500000.0,2000000.0,328,55.6,31,3200000000.0,328000000.0
121,121,121,W530X369,W21X248,47600,602,369.0,244.0,78.2,9440000.0,1790000.0,325,50.5,27.9,2840000000.0,291000000.0
122,122,122,W530X332,W21X223,42900,594,332.0,243.0,77.2,8520000.0,1580000.0,323,45.5,25.4,2530000000.0,256000000.0
123,123,123,W530X300,W21X201,38300,584,300.0,241.0,76.7,7550000.0,1410000.0,320,41.4,23.1,2210000000.0,226000000.0
124,124,124,W530X272,W21X182,34600,577,272.0,239.0,76.2,6830000.0,1270000.0,318,37.6,21.1,1970000000.0,201000000.0
125,125,125,W530X248,W21X166,31500,572,248.0,238.0,75.9,6230000.0,1150000.0,315,34.5,19.1,1780000000.0,181000000.0
126,126,126,W530X219,W21X147,27900,561,219.0,233.0,74.9,5390000.0,985000.0,318,29.2,18.3,1510000000.0,157000000.0
127,127,127,W530X196,W21X132,25000,554,196.0,232.0,74.4,4830000.0,877000.0,315,26.4,16.5,1340000000.0,139000000.0
128,128,128,W530X182,W21X122,23200,551,182.0,231.0,74.2,4470000.0,806000.0,315,24.4,15.2,1230000000.0,127000000.0
129,129,129,W530X165,W21X111,21000,546,165.0,230.0,73.7,4080000.0,729000.0,312,22.2,14,1110000000.0,114000000.0
130,130,130,W530X150,W21X101,19200,544,150.0,229.0,73.4,3720000.0,660000.0,312,20.3,12.7,1010000000.0,103000000.0
131,131,131,W530X138,W21X93,17600,549,138.0,221.0,46.7,3150000.0,362000.0,214,23.6,14.7,862000000.0,38700000.0
132,132,132,W530X123,W21X83,15700,544,123.0,220.0,46.5,2800000.0,320000.0,212,21.2,13.1,762000000.0,33900000.0
133,133,133,W530X109,W21X73,13900,538,109.0,219.0,46.0,2470000.0,279000.0,211,18.8,11.6,666000000.0,29400000.0
134,134,134,W530X101,W21X68,12900,536,101.0,218.0,45.7,2290000.0,257000.0,210,17.4,10.9,616000000.0,26900000.0
135,135,135,W530X92,W21X62,11800,533,92.0,217.0,45.0,2080000.0,229000.0,209,15.6,10.2,554000000.0,23900000.0
136,136,136,W530X82,W21X55,10500,528,82.0,213.0,43.9,1800000.0,193000.0,209,13.3,9.53,475000000.0,20100000.0
137,137,137,W530X72,W21X48,9100,523,72.0,209.0,42.2,1520000.0,156000.0,207,10.9,8.89,399000000.0,16100000.000000002
138,138,138,W530X85,W21X57,10800,536,85.0,212.0,34.3,1820000.0,153000.0,167,16.5,10.3,487000000.0,12700000.0
139,139,139,W530X74,W21X50,9480,528,74.0,208.0,33.0,1550000.0,125000.0,166,13.6,9.65,410000000.0,10400000.0
140,140,140,W530X66,W21X44,8390,526,66.0,205.0,32.0,1340000.0,104000.0,165,11.4,8.89,351000000.0,8620000.0
141,141,141,W460X464,W18X311,59100,566,464.0,221.0,74.9,10200000.0,2160000.0,305,69.6,38.6,2900000000.0,331000000.0
142,142,142,W460X421,W18X283,53700,556,421.0,219.0,73.9,9260000.0,1930000.0,302,63.5,35.6,2570000000.0,293000000.0
143,143,143,W460X384,W18X258,49000,546,384.0,217.0,73.2,8420000.0,1750000.0,300,58.4,32.5,2290000000.0,261000000.0
144,144,144,W460X349,W18X234,44300,536,349.0,214.0,72.4,7640000.0,1570000.0,297,53.6,29.5,2040000000.0,232000000.0
145,145,145,W460X315,W18X211,40200,526,315.0,212.0,71.6,6870000.0,1400000.0,295,48.5,26.9,1800000000.0,205000000.0
146,146,146,W460X286,W18X192,36300,518,286.0,210.0,70.9,6230000.0,1260000.0,292,44.5,24.4,1610000000.0,183000000.0
147,147,147,W460X260,W18X175,33200,508,260.0,208.0,70.1,5640000.0,1130000.0,290,40.4,22.6,1440000000.0,163000000.0
148,148,148,W460X235,W18X158,29900,500,235.0,206.0,69.6,5080000.0,1010000.0,287,36.6,20.6,1270000000.0,144000000.0
149,149,149,W460X213,W18X143,27100,495,213.0,205.0,69.1,4620000.0,909000.0,284,33.5,18.5,1140000000.0,129000000.0
150,150,150,W460X193,W18X130,24700,490,193.0,204.0,68.6,4200000.0,818000.0,284,30.5,17,1020000000.0,116000000.0
151,151,151,W460X177,W18X119,22600,483,177.0,201.0,68.3,3790000.0,736000.0,287,26.9,16.6,912000000.0,105000000.0
152,152,152,W460X158,W18X106,20100,475,158.0,199.0,67.6,3340000.0,646000.0,284,23.9,15,795000000.0,91600000.0
153,153,153,W460X144,W18X97,18400,472,144.0,199.0,67.3,3080000.0,592000.0,282,22.1,13.6,728000000.0,83700000.0
154,154,154,W460X128,W18X86,16300,467,128.0,197.0,66.8,2720000.0,518000.0,282,19.6,12.2,637000000.0,72800000.0
155,155,155,W460X113,W18X76,14400,462,113.0,196.0,66.3,2390000.0,452000.0,279,17.3,10.8,554000000.0,63300000.0
156,156,156,W460X106,W18X71,13500,470,106.0,191.0,43.2,2080000.0,259000.0,194,20.6,12.6,487000000.0,25100000.0
157,157,157,W460X97,W18X65,12300,467,97.0,190.0,42.9,1920000.0,236000.0,193,19.1,11.4,445000000.0,22800000.0
158,158,158,W460X89,W18X60,11400,462,89.0,190.0,42.7,1770000.0,218000.0,192,17.7,10.5,410000000.0,20900000.0
159,159,159,W460X82,W18X55,10500,460,82.0,188.0,42.4,1610000.0,195000.0,191,16,9.91,370000000.0,18700000.0
160,160,160,W460X74,W18X50,9480,457,74.0,187.0,41.9,1460000.0,175000.0,191,14.5,9.02,333000000.0,16700000.0
161,161,161,W460X68,W18X46,8710,460,68.0,184.0,32.8,1290000.0,122000.0,154,15.4,9.14,296000000.0,9370000.0
162,162,162,W460X60,W18X40,7610,455,60.0,183.0,32.3,1120000.0,104000.0,153,13.3,8,255000000.0,7950000.0
163,163,163,W460X52,W18X35,6650,450,52.0,179.0,31.0,944000.0,83900.0,152,10.8,7.62,212000000.0,6370000.0
164,164,164,W410X149,W16X100,19000,432,149.0,180.0,63.8,2870000.0,585000.0,264,25,14.9,620000000.0,77400000.0
165,165,165,W410X132,W16X89,16900,427,132.0,179.0,63.2,2540000.0,515000.0,264,22.2,13.3,541000000.0,67800000.0
166,166,166,W410X114,W16X77,14600,419,114.0,178.0,62.7,2200000.0,441000.0,262,19.3,11.6,462000000.0,57400000.0
167,167,167,W410X100,W16X67,12600,414,100.0,177.0,62.5,1920000.0,380000.0,259,16.9,10,397000000.0,49500000.0
168,168,168,W410X85,W16X57,10800,417,85.0,171.0,40.6,1510000.0,198000.0,181,18.2,10.9,316000000.0,17900000.0
169,169,169,W410X75,W16X50,9480,414,75.0,170.0,40.4,1330000.0,172000.0,180,16,9.65,274000000.0,15500000.0
170,170,170,W410X67,W16X45,8580,409,67.0,169.0,39.9,1190000.0,153000.0,179,14.4,8.76,244000000.0,13700000.0
171,171,171,W410X60,W16X40,7610,406,60.0,168.0,39.9,1060000.0,135000.0,178,12.8,7.75,216000000.0,12000000.0
172,172,172,W410X53,W16X36,6840,404,53.0,165.0,38.6,926000.0,115000.0,178,10.9,7.49,186000000.0,10200000.0
173,173,173,W410X46.1,W16X31,5890,404,46.1,163.0,29.7,773000.0,73600.0,140,11.2,6.99,156000000.0,5160000.0
174,174,174,W410X38.8,W16X26,4950,399,38.8,159.0,28.4,629000.0,57200.0,140,8.76,6.35,125000000.0,3990000.0
175,175,175,W360X1299,W14X873,166000,599,1300.0,213.0,124.0,25100000.0,10800000.0,478,140,100,7530000000.0,2570000000.0
176,176,176,W360X1202,W14X808,154000,579,1200.0,208.0,123.0,22800000.0,9780000.0,472,130,95,6620000000.0,2310000000.0
177,177,177,W360X1086,W14X730,139000,569,1090.0,208.0,119.0,21000000.0,8640000.0,455,125,78,5950000000.0,1960000000.0
178,178,178,W360X990,W14X665,126000,549,990.0,203.0,117.0,18800000.0,7730000.0,450,115,71.9,5160000000.0,1740000000.0
179,179,179,W360X900,W14X605,115000,531,900.0,198.0,116.0,17000000.0,6930000.0,442,106,66,4500000000.0,1530000000.0
180,180,180,W360X818,W14X550,105000,513,818.0,194.0,114.0,15300000.0,6190000.0,437,97,60.5,3930000000.0,1350000000.0
181,181,181,W360X744,W14X500,94800,498,744.0,190.0,113.0,13700000.0,5560000.0,432,88.9,55.6,3420000000.0,1200000000.0
182,182,182,W360X677,W14X455,86500,483,677.0,186.0,111.0,12400000.0,4980000.0,427,81.5,51.3,2990000000.0,1070000000.0
183,183,183,W360X634,W14X426,80600,475,634.0,184.0,110.0,11600000.0,4640000.0,424,77.2,47.8,2750000000.0,982000000.0
184,184,184,W360X592,W14X398,75500,465,592.0,182.0,109.0,10700000.0,4290000.0,422,72.4,45,2500000000.0,903000000.0
185,185,185,W360X551,W14X370,70300,455,551.0,180.0,108.0,9950000.0,3950000.0,419,67.6,42.2,2260000000.0,828000000.0
186,186,186,W360X509,W14X342,65200,445,509.0,177.0,108.0,9140000.0,3620000.0,417,62.7,39.1,2040000000.0,753000000.0
187,187,187,W360X463,W14X311,59000,434,463.0,175.0,107.0,8290000.0,3260000.0,411,57.4,35.8,1800000000.0,670000000.0
188,188,188,W360X421,W14X283,53700,424,421.0,172.0,106.0,7520000.0,2930000.0,409,52.6,32.8,1600000000.0,599000000.0
189,189,189,W360X382,W14X257,48800,417,382.0,170.0,105.0,6800000.0,2640000.0,406,48,30,1420000000.0,537000000.0
190,190,190,W360X347,W14X233,44200,406,347.0,168.0,104.0,6150000.0,2380000.0,404,43.7,27.2,1250000000.0,479000000.0
191,191,191,W360X314,W14X211,40000,399,314.0,166.0,103.0,5540000.0,2130000.0,401,39.6,24.9,1110000000.0,429000000.0
192,192,192,W360X287,W14X193,36600,394,287.0,165.0,103.0,5080000.0,1950000.0,399,36.6,22.6,999000000.0,388000000.0
193,193,193,W360X262,W14X176,33400,386,262.0,163.0,102.0,4600000.0,1750000.0,399,33.3,21.1,891000000.0,349000000.0
194,194,194,W360X237,W14X159,30100,381,237.0,162.0,102.0,4160000.0,1580000.0,396,30.2,18.9,791000000.0,311000000.0
195,195,195,W360X216,W14X145,27500,376,216.0,161.0,101.0,3800000.0,1430000.0,394,27.7,17.3,712000000.0,282000000.0
196,196,196,W360X196,W14X132,25000,373,196.0,160.0,95.5,3420000.0,1220000.0,373,26.2,16.4,637000000.0,228000000.0
197,197,197,W360X179,W14X120,22800,368,179.0,158.0,95.0,3110000.0,1110000.0,373,23.9,15,574000000.0,206000000.0
198,198,198,W360X162,W14X109,20600,363,162.0,158.0,94.7,2830000.0,1000000.0,371,21.8,13.3,516000000.0,186000000.0
199,199,199,W360X147,W14X99,18800,361,147.0,157.0,94.2,2570000.0,905000.0,371,19.8,12.3,462000000.0,167000000.0
200,200,200,W360X134,W14X90,17100,356,134.0,156.0,94.0,2340000.0,818000.0,368,18,11.2,416000000.0,151000000.0
201,201,201,W360X122,W14X82,15500,363,122.0,154.0,63.0,2020000.0,480000.0,257,21.7,13,367000000.0,61600000.0
202,202,202,W360X110,W14X74,14100,361,110.0,153.0,63.0,1840000.0,436000.0,257,19.9,11.4,331000000.0,55800000.0
203,203,203,W360X101,W14X68,12900,356,101.0,153.0,62.5,1690000.0,397000.0,254,18.3,10.5,301000000.0,50400000.0
204,204,204,W360X91,W14X61,11500,353,91.0,152.0,62.2,1510000.0,352000.0,254,16.4,9.53,266000000.0,44500000.0
205,205,205,W360X79,W14X53,10100,353,79.0,150.0,48.8,1270000.0,234000.0,205,16.8,9.4,225000000.0,24000000.0
206,206,206,W360X72,W14X48,9100,351,72.0,149.0,48.5,1150000.0,210000.0,204,15.1,8.64,201000000.0,21400000.0
207,207,207,W360X64,W14X43,8130,348,64.0,148.0,48.0,1030000.0,185000.0,203,13.5,7.75,178000000.0,18800000.0
208,208,208,W360X57.8,W14X38,7230,358,57.8,149.0,39.4,895000.0,129000.0,172,13.1,7.87,160000000.0,11100000.0
209,209,209,W360X51,W14X34,6450,356,51.0,148.0,38.9,796000.0,113000.0,171,11.6,7.24,142000000.0,9700000.0
210,210,210,W360X44,W14X30,5710,351,44.0,146.0,37.8,688000.0,95400.0,171,9.78,6.86,121000000.0,8160000.0
211,211,211,W360X39,W14X26,4960,353,39.0,144.0,27.4,578000.0,58200.0,128,10.7,6.48,102000000.0,3710000.0
212,212,212,W360X32.9,W14X22,4190,348,32.9,141.0,26.4,475000.0,45900.0,127,8.51,5.84,82800000.0,2910000.0
213,213,213,W310X500,W12X336,63800,427,500.0,163.0,88.1,7910000.0,2900000.0,340,75.2,45.2,1690000000.0,495000000.0
214,214,214,W310X454,W12X305,57700,414,454.0,160.0,86.9,7130000.0,2610000.0,335,68.8,41.4,1480000000.0,437000000.0
215,215,215,W310X415,W12X279,52800,404,415.0,156.0,85.9,6440000.0,2340000.0,333,62.7,38.9,1290000000.0,390000000.0
216,216,216,W310X375,W12X252,47800,391,375.0,154.0,84.8,5780000.0,2080000.0,330,57.2,35.6,1130000000.0,345000000.0
217,217,217,W310X342,W12X230,43700,384,342.0,152.0,84.1,5260000.0,1880000.0,328,52.6,32.8,1010000000.0,309000000.0
218,218,218,W310X313,W12X210,39900,373,313.0,150.0,83.3,4790000.0,1700000.0,325,48.3,30,891000000.0,276000000.0
219,219,219,W310X283,W12X190,36100,366,283.0,148.0,82.6,4310000.0,1520000.0,323,44.2,26.9,787000000.0,245000000.0
220,220,220,W310X253,W12X170,32300,356,253.0,146.0,81.8,3850000.0,1350000.0,320,39.6,24.4,687000000.0,215000000.0
221,221,221,W310X226,W12X152,28800,348,226.0,144.0,81.0,3420000.0,1190000.0,318,35.6,22.1,595000000.0,189000000.0
222,222,222,W310X202,W12X136,25700,340,202.0,142.0,80.3,3050000.0,1050000.0,315,31.8,20.1,516000000.0,166000000.0
223,223,223,W310X179,W12X120,22700,333,179.0,140.0,79.5,2670000.0,918000.0,312,28.2,18,445000000.0,144000000.0
224,224,224,W310X158,W12X106,20100,328,158.0,139.0,79.0,2380000.0,808000.0,310,25.1,15.5,388000000.0,125000000.0
225,225,225,W310X143,W12X96,18200,323,143.0,138.0,78.5,2150000.0,728000.0,310,22.9,14,347000000.0,112000000.0
226,226,226,W310X129,W12X87,16500,318,129.0,137.0,78.0,1930000.0,651000.0,307,20.6,13.1,308000000.0,100000000.0
227,227,227,W310X117,W12X79,15000,315,117.0,136.0,77.5,1750000.0,587000.0,307,18.7,11.9,276000000.0,89900000.0
228,228,228,W310X107,W12X72,13600,312,107.0,135.0,77.2,1600000.0,531000.0,305,17,10.9,248000000.0,81200000.0
229,229,229,W310X97,W12X65,12300,307,97.0,134.0,76.7,1440000.0,477000.0,305,15.4,9.91,222000000.0,72400000.0
230,230,230,W310X86,W12X58,11000,310,86.0,134.0,63.8,1280000.0,351000.0,254,16.3,9.14,198000000.0,44500000.0
231,231,231,W310X79,W12X53,10100,307,79.0,133.0,63.0,1160000.0,315000.0,254,14.6,8.76,177000000.0,39900000.0
232,232,232,W310X74,W12X50,9420,310,74.0,132.0,49.8,1050000.0,228000.0,205,16.3,9.4,163000000.0,23400000.0
233,233,233,W310X67,W12X45,8450,307,67.0,131.0,49.5,946000.0,203000.0,204,14.6,8.51,145000000.0,20800000.0
234,234,234,W310X60,W12X40,7550,302,60.0,130.0,49.3,844000.0,180000.0,203,13.1,7.49,128000000.0,18400000.0
235,235,235,W310X52,W12X35,6650,318,52.0,133.0,39.1,747000.0,122000.0,167,13.2,7.62,119000000.0,10200000.0
236,236,236,W310X44.5,W12X30,5670,312,44.5,132.0,38.6,633000.0,102000.0,166,11.2,6.6,99100000.0,8450000.0
237,237,237,W310X38.7,W12X26,4940,310,38.7,131.0,38.4,547000.0,87500.0,165,9.65,5.84,84900000.0,7200000.0
238,238,238,W310X32.7,W12X22,4180,312,32.7,125.0,21.5,416000.0,37900.0,102,10.8,6.6,64900000.00000001,1940000.0
239,239,239,W310X28.3,W12X19,3590,310,28.3,122.0,20.9,349000.0,30800.0,102,8.89,5.97,54100000.0,1570000.0
240,240,240,W310X23.8,W12X16,3040,305,23.8,119.0,19.6,280000.0,23100.0,101,6.73,5.59,42900000.0,1170000.0
241,241,241,W310X21,W12X14,2680,302,21.0,117.0,19.1,244000.0,19500.0,101,5.72,5.08,36900000.0,982000.0
242,242,242,W250X167,W10X112,21200,290,167.0,118.0,68.1,2060000.0,742000.0,264,31.8,19.2,298000000.0,98200000.0
243,243,243,W250X149,W10X100,18900,282,149.0,117.0,67.3,1840000.0,655000.0,262,28.4,17.3,259000000.0,86200000.0
244,244,244,W250X131,W10X88,16800,274,131.0,115.0,66.8,1610000.0,570000.0,262,25.1,15.4,222000000.0,74500000.0
245,245,245,W250X115,W10X77,14600,269,115.0,114.0,66.0,1410000.0,493000.0,259,22.1,13.5,189000000.0,64099999.99999999
246,246,246,W250X101,W10X68,12800,264,101.0,113.0,65.8,1240000.0,433000.0,257,19.6,11.9,164000000.0,55800000.0
247,247,247,W250X89,W10X60,11400,259,89.0,112.0,65.3,1090000.0,377000.0,257,17.3,10.7,142000000.0,48300000.0
248,248,248,W250X80,W10X54,10200,257,80.0,111.0,65.0,983000.0,338000.0,254,15.6,9.4,126000000.0,42900000.0
249,249,249,W250X73,W10X49,9290,254,73.0,110.0,64.5,895000.0,306000.0,254,14.2,8.64,113000000.0,38900000.0
250,250,250,W250X67,W10X45,8580,257,67.0,110.0,51.1,805000.0,218000.0,204,15.7,8.89,103000000.0,22200000.0
251,251,251,W250X58,W10X39,7420,252,58.0,108.0,50.3,690000.0,185000.0,203,13.5,8,87000000.0,18700000.0
252,252,252,W250X49.1,W10X33,6260,247,49.1,106.0,49.3,574000.0,151000.0,202,11,7.37,71200000.0,15200000.0
253,253,253,W250X44.8,W10X30,5700,267,44.8,111.0,34.8,531000.0,94200.0,148,13,7.62,70800000.0,6950000.0
254,254,254,W250X38.5,W10X26,4910,262,38.5,110.0,34.5,457000.0,80100.0,147,11.2,6.6,59900000.0,5870000.0
255,255,255,W250X32.7,W10X22,4190,259,32.7,108.0,33.8,380000.0,65099.99999999999,146,9.14,6.1,49100000.0,4750000.0
256,256,256,W250X28.4,W10X19,3630,259,28.4,105.0,22.2,308000.0,35100.0,102,10,6.35,40100000.0,1790000.0
257,257,257,W250X25.3,W10X17,3220,257,25.3,103.0,21.5,265000.0,29200.0,102,8.38,6.1,34100000.0,1480000.0
258,258,258,W250X22.3,W10X15,2850,254,22.3,100.0,20.6,226000.0,23800.0,102,6.86,5.84,28700000.0,1200000.0
259,259,259,W250X17.9,W10X12,2280,251,17.9,99.1,19.9,179000.0,18000.0,101,5.33,4.83,22400000.0,907000.0
260,260,260,W200X100,W8X67,12700,229,100.0,94.5,53.8,990000.0,351000.0,210,23.7,14.5,113000000.0,36900000.0
261,261,261,W200X86,W8X58,11000,222,86.0,92.7,53.3,852000.0,300000.0,209,20.6,13,94900000.0,31300000.0
262,262,262,W200X71,W8X48,9100,216,71.0,91.7,52.8,708000.0,246000.0,206,17.4,10.2,76600000.0,25300000.0
263,263,263,W200X59,W8X40,7550,210,59.0,89.7,51.8,582000.0,200000.0,205,14.2,9.14,60800000.0,20400000.0
264,264,264,W200X52,W8X35,6650,206,52.0,89.2,51.6,511000.0,174000.0,204,12.6,7.87,52900000.0,17700000.0
265,265,265,W200X46.1,W8X31,5890,203,46.1,88.1,51.3,451000.0,152000.0,203,11,7.24,45800000.0,15400000.0
266,266,266,W200X41.7,W8X28,5320,205,41.7,87.6,41.1,398000.0,109000.0,166,11.8,7.24,40800000.0,9030000.0
267,267,267,W200X35.9,W8X24,4570,201,35.9,86.9,40.9,342000.0,92300.0,165,10.2,6.22,34400000.0,7620000.0
268,268,268,W200X31.3,W8X21,3970,210,31.3,88.6,32.0,298000.0,60800.0,134,10.2,6.35,31300000.0,4070000.0000000005
269,269,269,W200X26.6,W8X18,3390,207,26.6,87.1,31.2,249000.0,49800.0,133,8.38,5.84,25800000.0,3320000.0
270,270,270,W200X22.5,W8X15,2860,206,22.5,83.6,22.3,193000.0,27900.0,102,8,6.22,20000000.0,1420000.0
271,271,271,W200X19.3,W8X13,2480,203,19.3,81.5,21.4,162000.0,22500.0,102,6.48,5.84,16500000.0,1140000.0
272,272,272,W200X15,W8X10,1910,200,15.0,81.8,21.4,128000.0,17400.0,100,5.21,4.32,12800000.0,870000.0
273,273,273,W150X37.1,W6X25,4740,162,37.1,68.6,38.6,274000.0,91900.0,154,11.6,8.13,22200000.0,7120000.0
274,274,274,W150X29.8,W6X20,3790,157,29.8,67.6,38.1,220000.0,72300.0,153,9.27,6.6,17200000.0,5540000.0
275,275,275,W150X22.5,W6X15,2860,152,22.5,65.0,36.8,159000.0,51000.0,152,6.6,5.84,12100000.0,3880000.0
276,276,276,W150X24,W6X16,3060,160,24.0,66.0,24.6,167000.0,36100.0,102,10.3,6.6,13400000.0,1840000.0
277,277,277,W150X18,W6X12,2290,153,18.0,63.2,23.3,120000.0,24600.0,102,7.11,5.84,9200000.0,1240000.0
278,278,278,W150X13.5,W6X9,1730,150,13.5,62.7,23.0,91100.0,18200.0,100,5.46,4.32,6830000.0,916000.0
279,279,279,W150X13,W6X8.5,1630,148,13.0,61.7,22.6,83600.0,16600.0,100,4.95,4.32,6200000.0,828000.0
280,280,280,W130X28.1,W5X19,3590,131,28.1,55.1,32.5,167000.0,59500.0,128,10.9,6.86,10900000.0,3800000.0
281,281,281,W130X23.8,W5X16,3040,127,23.8,54.1,32.0,140000.0,49200.0,127,9.14,6.1,8910000.0,3130000.0
282,282,282,W100X19.3,W4X13,2470,106,19.3,43.7,25.4,89500.0,31100.0,103,8.76,7.11,4700000.0,1610000.0
